id_date,mois,jour_semaine
2021-10-01,Octobre,Vendredi
2021-10-02,Octobre,Samedi
2021-10-03,Octobre,Dimanche
2021-10-04,Octobre,Lundi
2021-10-05,Octobre,Mardi
2021-10-06,Octobre,Mercredi
2021-10-07,Octobre,Jeudi
2021-10-08,Octobre,Vendredi
2021-10-09,Octobre,Samedi
2021-10-10,Octobre,Dimanche
2021-10-11,Octobre,Lundi
2021-10-12,Octobre,Mardi
2021-10-13,Octobre,Mercredi
2021-10-14,Octobre,Jeudi
2021-10-15,Octobre,Vendredi
2021-10-16,Octobre,Samedi
2021-10-17,Octobre,Dimanche
2021-10-18,Octobre,Lundi
2021-10-19,Octobre,Mardi
2021-10-20,Octobre,Mercredi
2021-10-21,Octobre,Jeudi
2021-10-22,Octobre,Vendredi
2021-10-23,Octobre,Samedi
2021-10-24,Octobre,Dimanche
2021-10-25,Octobre,Lundi
2021-10-26,Octobre,Mardi
2021-10-27,Octobre,Mercredi
2021-10-28,Octobre,Jeudi
2021-10-29,Octobre,Vendredi
2021-10-30,Octobre,Samedi
2021-10-31,Octobre,Dimanche
2021-11-01,Novembre,Lundi
2021-11-02,Novembre,Mardi
2021-11-03,Novembre,Mercredi
2021-11-04,Novembre,Jeudi
2021-11-05,Novembre,Vendredi
2021-11-06,Novembre,Samedi
2021-11-07,Novembre,Dimanche
2021-11-08,Novembre,Lundi
2021-11-09,Novembre,Mardi
2021-11-10,Novembre,Mercredi
2021-11-11,Novembre,Jeudi
2021-11-12,Novembre,Vendredi
2021-11-13,Novembre,Samedi
2021-11-14,Novembre,Dimanche
2021-11-15,Novembre,Lundi
2021-11-16,Novembre,Mardi
2021-11-17,Novembre,Mercredi
2021-11-18,Novembre,Jeudi
2021-11-19,Novembre,Vendredi
2021-11-20,Novembre,Samedi
2021-11-21,Novembre,Dimanche
2021-11-22,Novembre,Lundi
2021-11-23,Novembre,Mardi
2021-11-24,Novembre,Mercredi
2021-11-25,Novembre,Jeudi
2021-11-26,Novembre,Vendredi
2021-11-27,Novembre,Samedi
2021-11-28,Novembre,Dimanche
2021-11-29,Novembre,Lundi
2021-11-30,Novembre,Mardi
2021-12-01,Decembre,Mercredi
2021-12-02,Decembre,Jeudi
2021-12-03,Decembre,Vendredi
2021-12-04,Decembre,Samedi
2021-12-05,Decembre,Dimanche
2021-12-06,Decembre,Lundi
2021-12-07,Decembre,Mardi
2021-12-08,Decembre,Mercredi
2021-12-09,Decembre,Jeudi
2021-12-10,Decembre,Vendredi
2021-12-11,Decembre,Samedi
2021-12-12,Decembre,Dimanche
2021-12-13,Decembre,Lundi
2021-12-14,Decembre,Mardi
2021-12-15,Decembre,Mercredi
2021-12-16,Decembre,Jeudi
2021-12-17,Decembre,Vendredi
2021-12-18,Decembre,Samedi
2021-12-19,Decembre,Dimanche
2021-12-20,Decembre,Lundi
2021-12-21,Decembre,Mardi
2021-12-22,Decembre,Mercredi
2021-12-23,Decembre,Jeudi
2021-12-24,Decembre,Vendredi
2021-12-25,Decembre,Samedi
2021-12-26,Decembre,Dimanche
2021-12-27,Decembre,Lundi
2021-12-28,Decembre,Mardi
2021-12-29,Decembre,Mercredi
2021-12-30,Decembre,Jeudi
2021-12-31,Decembre,Vendredi
2022-01-01,Janvier,Samedi
2022-01-02,Janvier,Dimanche
2022-01-03,Janvier,Lundi
2022-01-04,Janvier,Mardi
2022-01-05,Janvier,Mercredi
2022-01-06,Janvier,Jeudi
2022-01-07,Janvier,Vendredi
2022-01-08,Janvier,Samedi
2022-01-09,Janvier,Dimanche
2022-01-10,Janvier,Lundi
2022-01-11,Janvier,Mardi
2022-01-12,Janvier,Mercredi
2022-01-13,Janvier,Jeudi
2022-01-14,Janvier,Vendredi
2022-01-15,Janvier,Samedi
2022-01-16,Janvier,Dimanche
2022-01-17,Janvier,Lundi
2022-01-18,Janvier,Mardi
2022-01-19,Janvier,Mercredi
2022-01-20,Janvier,Jeudi
2022-01-21,Janvier,Vendredi
2022-01-22,Janvier,Samedi
2022-01-23,Janvier,Dimanche
2022-01-24,Janvier,Lundi
2022-01-25,Janvier,Mardi
2022-01-26,Janvier,Mercredi
2022-01-27,Janvier,Jeudi
2022-01-28,Janvier,Vendredi
2022-01-29,Janvier,Samedi
2022-01-30,Janvier,Dimanche
2022-01-31,Janvier,Lundi
2022-02-01,Fevrier,Mardi
2022-02-02,Fevrier,Mercredi
2022-02-03,Fevrier,Jeudi
2022-02-04,Fevrier,Vendredi
2022-02-05,Fevrier,Samedi
2022-02-06,Fevrier,Dimanche
2022-02-07,Fevrier,Lundi
2022-02-08,Fevrier,Mardi
2022-02-09,Fevrier,Mercredi
2022-02-10,Fevrier,Jeudi
2022-02-11,Fevrier,Vendredi
2022-02-12,Fevrier,Samedi
2022-02-13,Fevrier,Dimanche
2022-02-14,Fevrier,Lundi
2022-02-15,Fevrier,Mardi
2022-02-16,Fevrier,Mercredi
2022-02-17,Fevrier,Jeudi
2022-02-18,Fevrier,Vendredi
2022-02-19,Fevrier,Samedi
2022-02-20,Fevrier,Dimanche
2022-02-21,Fevrier,Lundi
2022-02-22,Fevrier,Mardi
2022-02-23,Fevrier,Mercredi
2022-02-24,Fevrier,Jeudi
2022-02-25,Fevrier,Vendredi
2022-02-26,Fevrier,Samedi
2022-02-27,Fevrier,Dimanche
2022-02-28,Fevrier,Lundi
2022-03-01,Mars,Mardi
2022-03-02,Mars,Mercredi
2022-03-03,Mars,Jeudi
2022-03-04,Mars,Vendredi
2022-03-05,Mars,Samedi
2022-03-06,Mars,Dimanche
2022-03-07,Mars,Lundi
2022-03-08,Mars,Mardi
2022-03-09,Mars,Mercredi
2022-03-10,Mars,Jeudi
2022-03-11,Mars,Vendredi
2022-03-12,Mars,Samedi
2022-03-13,Mars,Dimanche
2022-03-14,Mars,Lundi
2022-03-15,Mars,Mardi
2022-03-16,Mars,Mercredi
2022-03-17,Mars,Jeudi
2022-03-18,Mars,Vendredi
2022-03-19,Mars,Samedi
2022-03-20,Mars,Dimanche
2022-03-21,Mars,Lundi
2022-03-22,Mars,Mardi
2022-03-23,Mars,Mercredi
2022-03-24,Mars,Jeudi
2022-03-25,Mars,Vendredi
2022-03-26,Mars,Samedi
2022-03-27,Mars,Dimanche
2022-03-28,Mars,Lundi
2022-03-29,Mars,Mardi
2022-03-30,Mars,Mercredi
2022-03-31,Mars,Jeudi
2022-04-01,Avril,Vendredi
2022-04-02,Avril,Samedi
2022-04-03,Avril,Dimanche
2022-04-04,Avril,Lundi
2022-04-05,Avril,Mardi
2022-04-06,Avril,Mercredi
2022-04-07,Avril,Jeudi
2022-04-08,Avril,Vendredi
2022-04-09,Avril,Samedi
2022-04-10,Avril,Dimanche
2022-04-11,Avril,Lundi
2022-04-12,Avril,Mardi
2022-04-13,Avril,Mercredi
2022-04-14,Avril,Jeudi
2022-04-15,Avril,Vendredi
2022-04-16,Avril,Samedi
2022-04-17,Avril,Dimanche
2022-04-18,Avril,Lundi
2022-04-19,Avril,Mardi
2022-04-20,Avril,Mercredi
2022-04-21,Avril,Jeudi
2022-04-22,Avril,Vendredi
2022-04-23,Avril,Samedi
2022-04-24,Avril,Dimanche
2022-04-25,Avril,Lundi
2022-04-26,Avril,Mardi
2022-04-27,Avril,Mercredi
2022-04-28,Avril,Jeudi
2022-04-29,Avril,Vendredi
2022-04-30,Avril,Samedi
2022-05-01,Mai,Dimanche
2022-05-02,Mai,Lundi
2022-05-03,Mai,Mardi
2022-05-04,Mai,Mercredi
2022-05-05,Mai,Jeudi
2022-05-06,Mai,Vendredi
2022-05-07,Mai,Samedi
2022-05-08,Mai,Dimanche
2022-05-09,Mai,Lundi
2022-05-10,Mai,Mardi
2022-05-11,Mai,Mercredi
2022-05-12,Mai,Jeudi
2022-05-13,Mai,Vendredi
2022-05-14,Mai,Samedi
2022-05-15,Mai,Dimanche
2022-05-16,Mai,Lundi
2022-05-17,Mai,Mardi
2022-05-18,Mai,Mercredi
2022-05-19,Mai,Jeudi
2022-05-20,Mai,Vendredi
2022-05-21,Mai,Samedi
2022-05-22,Mai,Dimanche
2022-05-23,Mai,Lundi
2022-05-24,Mai,Mardi
2022-05-25,Mai,Mercredi
2022-05-26,Mai,Jeudi
2022-05-27,Mai,Vendredi
2022-05-28,Mai,Samedi
2022-05-29,Mai,Dimanche
2022-05-30,Mai,Lundi
2022-05-31,Mai,Mardi
2022-06-01,Juin,Mercredi
2022-06-02,Juin,Jeudi
2022-06-03,Juin,Vendredi
2022-06-04,Juin,Samedi
2022-06-05,Juin,Dimanche
2022-06-06,Juin,Lundi
2022-06-07,Juin,Mardi
2022-06-08,Juin,Mercredi
2022-06-09,Juin,Jeudi
2022-06-10,Juin,Vendredi
2022-06-11,Juin,Samedi
2022-06-12,Juin,Dimanche
2022-06-13,Juin,Lundi
2022-06-14,Juin,Mardi
2022-06-15,Juin,Mercredi
2022-06-16,Juin,Jeudi
2022-06-17,Juin,Vendredi
2022-06-18,Juin,Samedi
2022-06-19,Juin,Dimanche
2022-06-20,Juin,Lundi
2022-06-21,Juin,Mardi
2022-06-22,Juin,Mercredi
2022-06-23,Juin,Jeudi
2022-06-24,Juin,Vendredi
2022-06-25,Juin,Samedi
2022-06-26,Juin,Dimanche
2022-06-27,Juin,Lundi
2022-06-28,Juin,Mardi
2022-06-29,Juin,Mercredi
2022-06-30,Juin,Jeudi
2022-07-01,Juillet,Vendredi
2022-07-02,Juillet,Samedi
2022-07-03,Juillet,Dimanche
2022-07-04,Juillet,Lundi
2022-07-05,Juillet,Mardi
2022-07-06,Juillet,Mercredi
2022-07-07,Juillet,Jeudi
2022-07-08,Juillet,Vendredi
2022-07-09,Juillet,Samedi
2022-07-10,Juillet,Dimanche
2022-07-11,Juillet,Lundi
2022-07-12,Juillet,Mardi
2022-07-13,Juillet,Mercredi
2022-07-14,Juillet,Jeudi
2022-07-15,Juillet,Vendredi
2022-07-16,Juillet,Samedi
2022-07-17,Juillet,Dimanche
2022-07-18,Juillet,Lundi
2022-07-19,Juillet,Mardi
2022-07-20,Juillet,Mercredi
2022-07-21,Juillet,Jeudi
2022-07-22,Juillet,Vendredi
2022-07-23,Juillet,Samedi
2022-07-24,Juillet,Dimanche
2022-07-25,Juillet,Lundi
2022-07-26,Juillet,Mardi
2022-07-27,Juillet,Mercredi
2022-07-28,Juillet,Jeudi
2022-07-29,Juillet,Vendredi
2022-07-30,Juillet,Samedi
2022-07-31,Juillet,Dimanche
2022-08-01,Aout,Lundi
2022-08-02,Aout,Mardi
2022-08-03,Aout,Mercredi
2022-08-04,Aout,Jeudi
2022-08-05,Aout,Vendredi
2022-08-06,Aout,Samedi
2022-08-07,Aout,Dimanche
2022-08-08,Aout,Lundi
2022-08-09,Aout,Mardi
2022-08-10,Aout,Mercredi
2022-08-11,Aout,Jeudi
2022-08-12,Aout,Vendredi
2022-08-13,Aout,Samedi
2022-08-14,Aout,Dimanche
2022-08-15,Aout,Lundi
2022-08-16,Aout,Mardi
2022-08-17,Aout,Mercredi
2022-08-18,Aout,Jeudi
2022-08-19,Aout,Vendredi
2022-08-20,Aout,Samedi
2022-08-21,Aout,Dimanche
2022-08-22,Aout,Lundi
2022-08-23,Aout,Mardi
2022-08-24,Aout,Mercredi
2022-08-25,Aout,Jeudi
2022-08-26,Aout,Vendredi
2022-08-27,Aout,Samedi
2022-08-28,Aout,Dimanche
2022-08-29,Aout,Lundi
2022-08-30,Aout,Mardi
2022-08-31,Aout,Mercredi
2022-09-01,Septembre,Jeudi
2022-09-02,Septembre,Vendredi
2022-09-03,Septembre,Samedi
2022-09-04,Septembre,Dimanche
2022-09-05,Septembre,Lundi
2022-09-06,Septembre,Mardi
2022-09-07,Septembre,Mercredi
2022-09-08,Septembre,Jeudi
2022-09-09,Septembre,Vendredi
2022-09-10,Septembre,Samedi
2022-09-11,Septembre,Dimanche
2022-09-12,Septembre,Lundi
2022-09-13,Septembre,Mardi
2022-09-14,Septembre,Mercredi
2022-09-15,Septembre,Jeudi
2022-09-16,Septembre,Vendredi
2022-09-17,Septembre,Samedi
2022-09-18,Septembre,Dimanche
2022-09-19,Septembre,Lundi
2022-09-20,Septembre,Mardi
2022-09-21,Septembre,Mercredi
2022-09-22,Septembre,Jeudi
2022-09-23,Septembre,Vendredi
2022-09-24,Septembre,Samedi
2022-09-25,Septembre,Dimanche
2022-09-26,Septembre,Lundi
2022-09-27,Septembre,Mardi
2022-09-28,Septembre,Mercredi
2022-09-29,Septembre,Jeudi
2022-09-30,Septembre,Vendredi
2022-10-01,Octobre,Samedi
2022-10-02,Octobre,Dimanche
2022-10-03,Octobre,Lundi
2022-10-04,Octobre,Mardi
2022-10-05,Octobre,Mercredi
2022-10-06,Octobre,Jeudi
2022-10-07,Octobre,Vendredi
2022-10-08,Octobre,Samedi
2022-10-09,Octobre,Dimanche
2022-10-10,Octobre,Lundi
2022-10-11,Octobre,Mardi
2022-10-12,Octobre,Mercredi
2022-10-13,Octobre,Jeudi
2022-10-14,Octobre,Vendredi
2022-10-15,Octobre,Samedi
2022-10-16,Octobre,Dimanche
2022-10-17,Octobre,Lundi
2022-10-18,Octobre,Mardi
2022-10-19,Octobre,Mercredi
2022-10-20,Octobre,Jeudi
2022-10-21,Octobre,Vendredi
2022-10-22,Octobre,Samedi
2022-10-23,Octobre,Dimanche
2022-10-24,Octobre,Lundi
2022-10-25,Octobre,Mardi
2022-10-26,Octobre,Mercredi
2022-10-27,Octobre,Jeudi
2022-10-28,Octobre,Vendredi
2022-10-29,Octobre,Samedi
2022-10-30,Octobre,Dimanche
2022-10-31,Octobre,Lundi
2022-11-01,Novembre,Mardi
2022-11-02,Novembre,Mercredi
2022-11-03,Novembre,Jeudi
2022-11-04,Novembre,Vendredi
2022-11-05,Novembre,Samedi
2022-11-06,Novembre,Dimanche
2022-11-07,Novembre,Lundi
2022-11-08,Novembre,Mardi
2022-11-09,Novembre,Mercredi
2022-11-10,Novembre,Jeudi
2022-11-11,Novembre,Vendredi
2022-11-12,Novembre,Samedi
2022-11-13,Novembre,Dimanche
2022-11-14,Novembre,Lundi
2022-11-15,Novembre,Mardi
2022-11-16,Novembre,Mercredi
2022-11-17,Novembre,Jeudi
2022-11-18,Novembre,Vendredi
2022-11-19,Novembre,Samedi
2022-11-20,Novembre,Dimanche
2022-11-21,Novembre,Lundi
2022-11-22,Novembre,Mardi
2022-11-23,Novembre,Mercredi
